{"stats":{"minecraft:custom":{"minecraft:jump":48,"minecraft:time_since_rest":7947,"minecraft:leave_game":1,"minecraft:crouch_one_cm":622,"minecraft:sprint_one_cm":11551,"minecraft:play_time":7947,"minecraft:time_since_death":7947,"minecraft:walk_one_cm":4517,"minecraft:sneak_time":161,"minecraft:total_world_time":7947,"minecraft:fall_one_cm":1045,"minecraft:fly_one_cm":6881},"minecraft:mined":{"minecraft:grass":4,"minecraft:grass_block":6},"minecraft:picked_up":{"minecraft:dirt":7},"minecraft:used":{"minecraft:dirt":7}},"DataVersion":3465}