{"stats":{"minecraft:mined":{"minecraft:grass":4,"minecraft:grass_block":8,"biomesoplenty:high_grass":1,"minecraft:dirt":3,"minecraft:birch_log":3,"minecraft:stone":23,"minecraft:andesite":1},"minecraft:picked_up":{"minecraft:birch_log":3,"minecraft:andesite":1,"minecraft:dirt":12,"minecraft:cobblestone":23},"minecraft:used":{"minecraft:dirt":8,"minecraft:crafting_table":1,"minecraft:wooden_pickaxe":28},"minecraft:crafted":{"minecraft:birch_planks":8,"minecraft:crafting_table":1,"minecraft:stick":4,"minecraft:wooden_pickaxe":1},"minecraft:custom":{"minecraft:time_since_rest":12558,"minecraft:crouch_one_cm":622,"minecraft:play_time":12558,"minecraft:sprint_one_cm":26762,"minecraft:walk_one_cm":13493,"minecraft:sneak_time":161,"minecraft:walk_under_water_one_cm":314,"minecraft:jump":76,"minecraft:leave_game":2,"minecraft:time_since_death":12558,"minecraft:walk_on_water_one_cm":1701,"minecraft:total_world_time":12558,"minecraft:swim_one_cm":2070,"minecraft:interact_with_crafting_table":1,"minecraft:fall_one_cm":1045,"minecraft:fly_one_cm":10965}},"DataVersion":3465}