{"stats":{"minecraft:custom":{"minecraft:jump":60,"minecraft:time_since_rest":6842,"minecraft:walk_on_water_one_cm":90,"minecraft:sprint_one_cm":13280,"minecraft:play_time":6842,"minecraft:damage_taken":30,"minecraft:time_since_death":6842,"minecraft:walk_one_cm":17820,"minecraft:walk_under_water_one_cm":176,"minecraft:total_world_time":6842,"minecraft:swim_one_cm":2306,"minecraft:drop":1,"minecraft:fall_one_cm":2238,"minecraft:fly_one_cm":12074},"minecraft:mined":{"minecraft:grass":12,"minecraft:tall_grass":5,"biomesoplenty:bush":1,"biomesoplenty:high_grass":7,"minecraft:coarse_dirt":5,"biomesoplenty:high_grass_plant":16},"minecraft:dropped":{"minecraft:wheat_seeds":1},"minecraft:picked_up":{"minecraft:coarse_dirt":5,"minecraft:wheat_seeds":1},"minecraft:used":{"minecraft:coarse_dirt":1}},"DataVersion":3465}