{"stats":{"minecraft:picked_up":{"minecraft:coarse_dirt":5,"minecraft:wheat_seeds":1},"minecraft:mined":{"minecraft:grass":12,"biomesoplenty:bush":1,"biomesoplenty:high_grass":7,"minecraft:coarse_dirt":5,"biomesoplenty:high_grass_plant":16,"minecraft:tall_grass":5,"minecraft:oak_leaves":1},"minecraft:used":{"minecraft:coarse_dirt":1},"minecraft:custom":{"minecraft:time_since_rest":8712,"minecraft:play_time":8712,"minecraft:sprint_one_cm":19004,"minecraft:damage_taken":30,"minecraft:walk_one_cm":22593,"minecraft:walk_under_water_one_cm":176,"minecraft:drop":1,"minecraft:jump":116,"minecraft:leave_game":1,"minecraft:walk_on_water_one_cm":90,"minecraft:time_since_death":8712,"minecraft:total_world_time":8712,"minecraft:swim_one_cm":2306,"minecraft:fall_one_cm":4386,"minecraft:fly_one_cm":27227},"minecraft:dropped":{"minecraft:wheat_seeds":1}},"DataVersion":3465}