{"stats":{"minecraft:custom":{"minecraft:jump":79,"minecraft:time_since_rest":747,"minecraft:leave_game":1,"minecraft:damage_dealt":20,"minecraft:crouch_one_cm":132,"minecraft:sprint_one_cm":8360,"minecraft:deaths":4,"minecraft:play_time":7948,"minecraft:damage_taken":730,"minecraft:time_since_death":717,"minecraft:walk_one_cm":15354,"minecraft:sneak_time":111,"minecraft:total_world_time":7948,"minecraft:mob_kills":1,"minecraft:drop":4,"minecraft:fall_one_cm":2797,"minecraft:fly_one_cm":8985},"minecraft:killed":{"alexsmobs:fly":1},"minecraft:mined":{"minecraft:dirt":1,"gravestone:gravestone":3},"minecraft:dropped":{"gravestone:obituary":3,"alexsmobs:maggot":1},"minecraft:picked_up":{"alexsmobs:maggot":1}},"DataVersion":3465}