{"stats":{"minecraft:picked_up":{"minecraft:birch_log":10,"minecraft:stick":2,"aquaculture:brown_trout":4,"alexsmobs:maggot":1,"minecraft:birch_sapling":2},"minecraft:mined":{"gravestone:gravestone":3,"minecraft:dirt":1,"minecraft:birch_log":10},"minecraft:used":{"supplementaries:ash":1,"aquaculture:brown_trout":4},"minecraft:crafted":{"minecraft:birch_planks":20},"minecraft:killed":{"aquaculture:brown_trout":4,"alexsmobs:fly":1},"minecraft:custom":{"minecraft:time_since_rest":6025,"minecraft:crouch_one_cm":132,"minecraft:play_time":13226,"minecraft:sprint_one_cm":14331,"minecraft:deaths":4,"minecraft:damage_taken":1020,"minecraft:walk_one_cm":25379,"minecraft:sneak_time":148,"minecraft:walk_under_water_one_cm":8418,"minecraft:mob_kills":5,"minecraft:drop":4,"minecraft:jump":118,"minecraft:damage_dealt":144,"minecraft:leave_game":2,"minecraft:time_since_death":5995,"minecraft:walk_on_water_one_cm":3919,"minecraft:total_world_time":13226,"minecraft:swim_one_cm":8698,"minecraft:fall_one_cm":3341,"minecraft:fly_one_cm":13517},"minecraft:dropped":{"gravestone:obituary":3,"alexsmobs:maggot":1}},"DataVersion":3465}